Target,date_sold,num_bath,num_bed,num_parking,property_size,type,suburb_median_income,suburb_lat,suburb_lng,km_from_cbd,ds_float,tot_rooms,value_score
601000,2019-05-22,2,2,2,0.0845528455284552,-1,34632,-33.913,151.1171,0.119828641370869,1558483200.0,4,0.0750044982486295
1250000,2021-08-27,2,2,1,0.0723577235772357,-1,25740,-33.93108,151.21145,0.0859241126070991,1630022400.0,4,0.0664000684755881
735000,2020-04-29,1,1,1,0.0292682926829268,-1,44980,-33.75117,151.29037,0.1758873929008567,1588118400.0,2,0.0245476806729557
640000,2019-06-15,2,2,2,0.116260162601626,-1,34632,-33.913,151.1171,0.119828641370869,1560556800.0,4,0.1031311850918656
2350000,2021-12-15,2,3,2,0.1121951219512195,-1,24076,-33.88148,151.20456,0.0193390452876376,1639526400.0,5,0.1100462212244075
3615000,2021-02-27,2,3,2,0.1195121951219512,-1,35412,-33.86794,151.20998,0.0001223990208078,1614384000.0,5,0.1194975678414943
805000,2020-09-18,1,1,1,0.0235772357723577,-1,51532,-33.89313,151.20653,0.034516523867809,1600387200.0,2,0.0227773161892426
1200000,2021-12-20,2,3,2,0.1723577235772357,-1,51792,-33.83889,151.05551,0.1747858017135862,1639958400.0,5,0.1447178961464197
1036000,2021-11-11,2,3,2,0.0886178861788618,-1,42432,-33.93166,151.15389,0.1067319461444308,1636588800.0,5,0.0796467925865069
980000,2017-07-22,2,2,1,0.0609756097560975,-1,40248,-33.94543,151.24625,0.1128518971848225,1500681600.0,4,0.0544684724414036
720000,2018-08-31,2,2,1,0.0495934959349593,-1,71812,-33.90226,151.18621,0.0533659730722154,1535673600.0,4,0.0470162704559181
810000,2017-08-16,1,0,0,0.0040650406504065,-1,57564,-33.8704,151.21848,0.0084455324357405,1502841600.0,1,0.0040308537840887
2500000,2021-09-29,2,3,2,0.1154471544715447,-1,54184,-33.83992,151.28174,0.0845777233782129,1632873600.0,5,0.1060844170935557
595000,2016-02-22,1,1,1,0.08130081300813,-1,43628,-33.62899,151.32686,0.3433292533659731,1456099200.0,2,0.0576751706708421
500000,2016-07-29,2,2,1,0.048780487804878,-1,35880,-33.91492,150.95681,0.2906976744186046,1469750400.0,4,0.0364752051363532
3100000,2018-07-25,2,3,2,0.1300813008130081,-1,28080,-33.88626,151.19999,0.027172582619339,1532476800.0,5,0.1265942466063795
3200000,2019-06-18,3,3,2,0.1024390243902439,-1,35412,-33.86794,151.20998,0.0001223990208078,1560816000.0,6,0.1024264867212808
677000,2020-06-24,2,2,1,0.0528455284552845,-1,39052,-34.0332,151.07224,0.2725826193390452,1592956800.0,4,0.0402371412660726
585000,2016-11-16,1,2,1,0.0821138211382113,-1,40040,-33.80918,150.98696,0.2600979192166462,1479254400.0,3,0.0633077926520312
2020000,2021-03-26,2,2,1,0.0821138211382113,-1,66560,-33.80338,151.29117,0.1208078335373316,1616716800.0,4,0.0727696166166751
2000000,2021-09-25,2,3,2,0.1154471544715447,-1,26728,-33.91291,151.22388,0.0630354957160342,1632528000.0,5,0.1083945046381954
1350000,2021-05-21,2,2,2,0.1105691056910569,-1,47320,-33.76268,151.26932,0.1509179926560587,1621555200.0,4,0.0950803880416371
1060000,2021-11-26,2,3,2,0.0699186991869918,-1,69732,-33.9082,151.19191,0.0582619339045287,1637884800.0,5,0.0659614969972111
1260000,2021-07-19,2,2,1,0.0658536585365853,-1,44980,-33.75117,151.29037,0.1758873929008567,1626652800.0,4,0.0552322815141504
455000,2019-06-20,1,1,0,0.0048780487804878,-1,41236,-33.91228,151.15592,0.0848225214198286,1560988800.0,2,0.0044813430006066
982500,2019-04-24,2,2,1,0.132520325203252,-1,24908,-33.9259,151.22847,0.0813953488372093,1556064000.0,4,0.1221611020927709
450000,2020-04-16,1,1,1,0.0430894308943089,-1,26208,-33.91942,151.08774,0.1529987760097919,1586995200.0,2,0.0369763666050275
840000,2016-11-11,2,2,1,0.0512195121951219,-1,58968,-33.91594,151.17672,0.0749082007343941,1478822400.0,4,0.0475229311818979
1060000,2021-11-30,2,2,2,0.0764227642276422,-1,45604,-33.90769,151.2083,0.0541003671970624,1638230400.0,4,0.0723981137364709
1305000,2021-12-10,2,2,2,0.0756097560975609,-1,45552,-33.68907,151.29762,0.2552019583843329,1639094400.0,4,0.0585794156079567
725000,2020-08-20,1,1,0,0.0365853658536585,-1,46228,-33.88889,151.18298,0.0407588739290085,1597881600.0,2,0.0351241682078069
1172000,2021-12-11,2,2,2,0.0512195121951219,-1,47320,-33.76268,151.26932,0.1509179926560587,1639180800.0,4,0.0440445915192877
1300000,2021-11-26,2,3,1,0.065040650406504,-1,35412,-33.86794,151.20998,0.0001223990208078,1637884800.0,5,0.0650326899817655
1190000,2019-06-21,2,2,1,0.0666666666666666,-1,35412,-33.86794,151.20998,0.0001223990208078,1561075200.0,4,0.0666585072313097
770000,2019-11-09,2,2,1,0.0723577235772357,-1,38168,-33.44581,151.42873,0.6175030599755202,1573257600.0,4,0.0390217483371863
1205000,2021-11-03,2,2,1,0.0934959349593495,-1,67184,-33.81731,151.20149,0.0619339045287637,1635897600.0,4,0.0878810375994633
498500,2016-07-15,2,2,1,0.0536585365853658,-1,35880,-33.91492,150.95681,0.2906976744186046,1468540800.0,4,0.0401227256499885
1150000,2021-01-29,1,2,1,0.0536585365853658,-1,54496,-33.90204,151.25603,0.0686658506731946,1611878400.0,3,0.0500976811189584
1000000,2021-07-14,1,2,0,0.0308943089430894,-1,26728,-33.91291,151.22388,0.0630354957160342,1626220800.0,3,0.0290069801144466
585000,2017-05-18,2,2,1,0.0333333333333333,-1,23764,-33.9451,151.05302,0.2045287637698898,1495065600.0,4,0.0271677099402543
1560000,2021-08-20,2,3,2,0.0926829268292682,-1,24856,-33.87838,151.10412,0.1175030599755201,1629417600.0,5,0.0824078928246136
631000,2021-01-15,1,1,0,0.0252032520325203,-1,40872,-33.90035,151.20733,0.0441860465116279,1610668800.0,2,0.0241138650558792
1885000,2020-02-28,2,1,1,0.0544715447154471,-1,35412,-33.86794,151.20998,0.0001223990208078,1582848000.0,3,0.0544648778597286
315000,2016-07-19,1,2,1,0.0642276422764227,-1,33852,-33.34073,151.42855,0.7503059975520197,1468886400.0,3,0.0303297077363776
620000,2017-04-18,2,2,1,0.0349593495934959,-1,23764,-33.9451,151.05302,0.2045287637698898,1492473600.0,4,0.0284929640836813
1340000,2021-11-25,2,2,2,0.1097560975609756,-1,45136,-33.99339,151.14479,0.1854345165238677,1637798400.0,4,0.0911791354120827
890000,2018-03-15,2,3,2,0.1048780487804878,-1,34684,-33.96482,151.08475,0.1922888616891065,1521072000.0,5,0.0865315747452088
1040000,2017-09-20,1,3,1,0.0593495934959349,-1,49660,-33.73559,151.30351,0.2017135862913096,1505865600.0,4,0.048508143228726
860000,2017-05-23,1,2,2,0.0691056910569105,-1,46852,-33.65717,151.31571,0.3030599755201958,1495497600.0,3,0.0510383398259149
580000,2020-09-22,1,2,1,0.0528455284552845,-1,34684,-33.96482,151.08475,0.1922888616891065,1600732800.0,3,0.0436011810731672
695000,2016-07-16,1,1,0,0.0121951219512195,-1,72072,-33.82233,151.19286,0.0575275397796817,1468627200.0,2,0.0115133645101901
436000,2017-12-22,1,2,2,0.0764227642276422,-1,22048,-33.92907,151.05159,0.1954712362301101,1513900800.0,3,0.0628536731631054
490000,2019-08-13,1,1,1,0.0414634146341463,-1,56524,-33.82839,151.07771,0.1542227662178702,1565654400.0,2,0.0355375078234041
422500,2020-08-13,1,2,1,0.1471544715447154,-1,32760,-33.75951,150.77085,0.5141982864137087,1597276800.0,3,0.0879954030871535
755000,2020-07-31,2,2,1,0.0626016260162601,-1,42172,-33.91857,151.20485,0.0690330477356181,1596153600.0,4,0.0584258369037366
800000,2020-08-28,2,2,2,0.0560975609756097,-1,42172,-33.91857,151.20485,0.0690330477356181,1598572800.0,4,0.0523556200825692
1180000,2019-11-20,2,2,1,0.1414634146341463,-1,46852,-33.65717,151.31571,0.3030599755201958,1574208000.0,4,0.1044784838789318
670000,2021-12-22,0,2,1,0.0560975609756097,-1,32656,-33.97075,151.1214,0.1712362301101591,1640131200.0,2,0.0472690669134783
275000,2019-08-19,1,2,1,0.040650406504065,-1,26000,-33.76791,150.8136,0.4643818849449205,1566172800.0,3,0.0255497351615492
1125000,2021-12-10,1,1,0,0.0089430894308943,-1,66560,-33.80338,151.29117,0.1208078335373316,1639094400.0,2,0.0079254037899349
2200000,2021-11-16,1,3,0,0.0739837398373983,-1,67340,-33.82846,151.24866,0.0626682986536107,1637020800.0,4,0.0694895956494759
585000,2019-09-20,1,2,1,0.0455284552845528,-1,47268,-34.03269,151.0552,0.2833537331701346,1568937600.0,3,0.0342944587341537
815000,2019-12-03,1,2,1,0.0544715447154471,-1,47528,-33.9047,151.13884,0.0930232558139534,1575331200.0,3,0.0496329632274255
1380000,2021-04-20,2,3,2,0.1146341463414634,-1,45136,-33.99339,151.14479,0.1854345165238677,1618876800.0,5,0.0952315414303975
1414000,2021-08-31,2,2,1,0.0552845528455284,-1,25740,-33.93108,151.21145,0.0859241126070991,1630368000.0,4,0.0507326365880898
1010000,2021-02-27,1,2,1,0.0455284552845528,-1,57148,-33.85577,151.27607,0.0723378212974296,1614384000.0,3,0.0423513246844754
1050000,2021-05-28,2,3,2,0.0869918699186991,-1,42432,-33.93166,151.15389,0.1067319461444308,1622160000.0,5,0.0781853835482223
542000,2017-08-22,2,3,1,0.1056910569105691,-1,25844,-33.25799,151.54324,0.9034271725826192,1503360000.0,5,0.0428237608456527
1700000,2017-11-09,2,2,1,0.0691056910569105,-1,66820,-33.8794,151.22078,0.0192166462668298,1510185600.0,4,0.0677903897526946
599500,2019-11-27,1,2,1,0.0495934959349593,-1,41756,-34.05778,151.01793,0.3362301101591187,1574812800.0,3,0.0354325037760751
2280000,2021-11-30,2,2,1,0.0577235772357723,-1,24076,-33.88148,151.20456,0.0193390452876376,1638230400.0,4,0.0566179833835719
420000,2019-06-28,2,2,1,0.0552845528455284,-1,23036,-33.9234,151.06765,0.1757649938800489,1561680000.0,4,0.0463735169968517
600000,2017-02-14,1,2,1,0.0422764227642276,-1,34996,-33.96814,151.13537,0.1596083231334149,1487030400.0,3,0.0360397042325943
952000,2020-10-19,2,2,1,0.0772357723577235,-1,57772,-33.86923,151.19249,0.0167686658506731,1603065600.0,4,0.0759514299487004
2105000,2019-09-19,2,3,1,0.1195121951219512,-1,68952,-33.82708,151.22512,0.0507955936352509,1568851200.0,5,0.1135931066739858
1015000,2020-12-16,1,2,1,0.0447154471544715,-1,57148,-33.85577,151.27607,0.0723378212974296,1608076800.0,3,0.0415950510293955
1500000,2021-09-27,1,2,1,0.0520325203252032,-1,45240,-33.67706,151.30276,0.2725826193390452,1632700800.0,3,0.0396181083235177
1320000,2021-10-27,1,2,1,0.0601626016260162,-1,45240,-33.67706,151.30276,0.2725826193390452,1635292800.0,3,0.0458084377490673
860000,2018-11-26,1,2,1,0.0414634146341463,-1,67028,-33.78265,151.28518,0.1370869033047735,1543190400.0,3,0.0361517211941847
530000,2017-09-13,2,2,1,0.0365853658536585,-1,32240,-33.74515,150.68955,0.6082007343941249,1505260800.0,4,0.019914489572311
585000,2018-07-21,1,1,1,0.0414634146341463,-1,25116,-33.96268,151.1006,0.1776009791921664,1532131200.0,2,0.0347163405088982
627000,2019-11-18,1,1,1,0.0113821138211382,-1,48620,-33.78215,151.26601,0.125703794369645,1574035200.0,2,0.0100376132897704
1300000,2019-05-21,2,2,1,0.2292682926829268,-1,59540,-33.87402,151.28116,0.0779681762545899,1558396800.0,4,0.2120717636765088
1095000,2021-10-23,1,2,1,0.040650406504065,-1,43368,-33.87781,151.18626,0.0281517747858017,1634947200.0,3,0.0395219834944861
619400,2020-09-15,1,2,1,0.0504065040650406,-1,37284,-34.01392,151.10109,0.2329253365973072,1600128000.0,3,0.0399326737219864
1533000,2016-10-22,2,3,1,0.3016260162601626,-1,72176,-33.83315,151.19595,0.042594859241126,1477094400.0,5,0.2890480779549739
1300000,2021-08-23,1,2,1,0.0715447154471544,-1,49660,-33.73559,151.30351,0.2017135862913096,1629676800.0,3,0.0584755699195601
1180000,2018-06-15,2,3,2,0.156910569105691,-1,49920,-33.73444,151.12793,0.1965728274173806,1529020800.0,5,0.1289085440533269
1850000,2021-10-04,2,3,3,0.1975609756097561,-1,37388,-33.42389,151.34058,0.6134638922888618,1633305600.0,5,0.1069737397739384
760000,2021-03-13,2,2,1,0.0479674796747967,-1,35412,-33.88947,151.12753,0.0952264381884945,1615593600.0,4,0.0436104515611331
562000,2020-04-24,1,2,1,0.0479674796747967,-1,33696,-33.77523,151.0454,0.219094247246022,1587686400.0,3,0.0385296866998691
1560000,2021-10-28,2,2,1,0.0512195121951219,-1,69784,-33.85833,151.18067,0.0307221542227662,1635379200.0,4,0.0496698645831341
865000,2017-06-14,1,1,0,0.0073170731707317,-1,57564,-33.8704,151.21848,0.0084455324357405,1497398400.0,2,0.0072555368113597
1500000,2021-05-14,2,3,1,0.0772357723577235,-1,28080,-33.88626,151.19999,0.027172582619339,1620950400.0,5,0.0751653339225378
475000,2017-06-15,1,2,1,0.0276422764227642,-1,26208,-33.91942,151.08774,0.1529987760097919,1497484800.0,3,0.0237206880107723
760000,2019-08-31,1,2,1,0.0642276422764227,-1,55484,-33.8937,151.16537,0.0599755201958384,1567209600.0,3,0.0604887963074346
1910000,2017-02-25,3,3,1,0.1048780487804878,-1,57772,-33.86923,151.19249,0.0167686658506731,1487980800.0,6,0.1031340469829723
1000000,2021-12-02,2,1,0,0.0227642276422764,-1,57564,-33.8704,151.21848,0.0084455324357405,1638403200.0,3,0.022572781190897
472000,2018-08-31,1,2,1,0.0471544715447154,-1,34320,-33.80641,150.96973,0.2799265605875153,1535673600.0,3,0.0356412003031327
2280000,2021-12-20,3,3,2,0.1113821138211382,-1,42172,-33.91857,151.20485,0.0690330477356181,1639958400.0,6,0.1039524630624925
597000,2016-05-14,1,1,1,0.0170731707317073,-1,52884,-33.89452,151.1556,0.0696450428396572,1463184000.0,2,0.0159245704136505
650000,2020-08-18,2,2,1,0.0642276422764227,-1,34424,-33.87913,151.08118,0.143329253365973,1597708800.0,4,0.0556512439024328
860000,2016-10-31,1,2,1,0.0365853658536585,-1,57044,-33.77603,151.28481,0.14406364749082,1477872000.0,3,0.0316768038377022
1125000,2021-11-12,1,1,1,0.0349593495934959,-1,39260,-33.93221,151.25393,0.1001223990208078,1636675200.0,2,0.0316286560689306
950000,2019-12-05,1,2,0,0.0886178861788618,-1,66560,-33.80338,151.29117,0.1208078335373316,1575504000.0,3,0.0785335466457188
701000,2019-07-13,2,2,1,0.0626016260162601,-1,56524,-33.82839,151.07771,0.1542227662178702,1562976000.0,4,0.0536546686745513
690000,2016-08-22,1,1,1,0.0365853658536585,-1,65676,-33.84987,151.13772,0.0806609547123623,1471824000.0,2,0.033750234507799
3600000,2017-08-22,2,2,2,0.065040650406504,-1,97500,-33.86055,151.20159,0.0075887392900856,1503360000.0,4,0.0645489419506964
1900000,2021-11-16,2,2,1,0.0682926829268292,-1,87360,-33.84723,151.21163,0.0206854345165238,1637020800.0,4,0.0668945296640376
1100000,2018-12-02,2,3,2,0.1146341463414634,-1,57408,-33.8057,151.16111,0.0941248470012239,1543708800.0,5,0.1043364604714432
2200000,2017-08-26,2,4,1,0.1138211382113821,-1,25272,-33.89089,151.19334,0.035985312117503,1503705600.0,6,0.1097980688581009
715000,2016-12-20,1,2,1,0.0593495934959349,-1,34996,-33.96814,151.13537,0.1596083231334149,1482192000.0,3,0.0505942001726804
1340000,2021-03-26,1,1,1,0.0178861788617886,-1,74048,-33.84748,151.21585,0.021297429620563,1616716800.0,2,0.0175092769929819
710000,2020-09-14,2,2,1,0.0260162601626016,-1,25792,-33.51595,151.33432,0.4909424724602202,1600041600.0,4,0.0159232333704861
844000,2021-01-30,1,2,1,0.0796747967479674,-1,24856,-33.87838,151.10412,0.1175030599755201,1611964800.0,3,0.0708418727790538
2701000,2021-09-29,2,2,1,0.0577235772357723,-1,67028,-33.78265,151.28518,0.1370869033047735,1632873600.0,4,0.0503288667605317
1307500,2021-08-13,1,2,0,0.0365853658536585,-1,69160,-33.86528,151.22607,0.01468788249694,1628812800.0,3,0.0360519314001354
420000,2020-09-15,1,1,0,0.0008130081300813,-1,57772,-33.86923,151.19249,0.0167686658506731,1600128000.0,2,0.0007994887363021
1200000,2019-12-03,2,2,1,0.0560975609756097,-1,68744,-33.83662,151.20958,0.0350061199510403,1575331200.0,4,0.0541677772117289
1550000,2021-07-22,2,2,1,0.0861788617886178,-1,60060,-33.8112,151.2183,0.0701346389228886,1626912000.0,4,0.080341820273855
765000,2018-08-23,1,2,1,0.0601626016260162,-1,40144,-33.73041,151.26832,0.1908200734394124,1534982400.0,3,0.0497112293571141
4307000,2021-08-28,2,2,1,0.1422764227642276,-1,57772,-33.86923,151.19249,0.0167686658506731,1630108800.0,4,0.1399105288528694
2500000,2021-10-13,2,2,1,0.0943089430894309,-1,57564,-33.8704,151.21848,0.0084455324357405,1634083200.0,4,0.0935158077908594
1425000,2021-09-28,1,2,0,0.0341463414634146,-1,73528,-33.89903,151.27112,0.0795593635250918,1632787200.0,3,0.0315349383572818
640000,2016-07-16,1,0,1,0.0138211382113821,-1,46228,-33.88889,151.18298,0.0407588739290085,1468627200.0,1,0.0132691302118381
720000,2017-07-21,1,1,1,0.0414634146341463,-1,69732,-33.9082,151.19191,0.0582619339045287,1500595200.0,2,0.0391167017076484
1270000,2021-11-26,1,2,1,0.0504065040650406,-1,45240,-33.67706,151.30276,0.2725826193390452,1637884800.0,3,0.0383800424384077
690000,2018-03-28,2,2,1,0.0707317073170731,-1,31512,-33.95213,151.1183,0.1534883720930232,1522195200.0,4,0.0606673448490825
1020000,2021-02-26,2,3,2,0.1138211382113821,-1,47944,-33.84081,151.08387,0.1428396572827417,1614297600.0,5,0.0986707545395938
850000,2020-07-14,2,2,1,0.0560975609756097,-1,48932,-33.71505,151.29588,0.2221542227662178,1594684800.0,4,0.0449224698852348
1400000,2016-12-16,2,2,1,0.0707317073170731,-1,57772,-33.86923,151.19249,0.0167686658506731,1481846400.0,4,0.0695555200582836
1080000,2021-09-28,1,2,1,0.0552845528455284,-1,47528,-33.9047,151.13884,0.0930232558139534,1632787200.0,3,0.0503737537233572
787000,2019-03-14,1,2,1,0.0544715447154471,-1,55692,-33.80664,151.20155,0.0762545899632803,1552521600.0,3,0.0504722590721715
760000,2020-11-13,1,1,1,0.0926829268292682,-1,69732,-33.9082,151.19191,0.0582619339045287,1605225600.0,2,0.0874373332288612
1050000,2021-08-17,2,2,1,0.0593495934959349,-1,44564,-33.75743,151.15575,0.1549571603427172,1629158400.0,4,0.050830070143544
410000,2017-11-05,1,2,2,0.1016260162601626,-1,43836,-33.70323,151.29673,0.2372093023255813,1509840000.0,3,0.0801652609336191
668000,2016-12-08,2,2,1,0.0780487804878048,-1,27248,-33.86491,151.04789,0.1798041615667074,1481155200.0,4,0.0652045896928254
1360000,2018-10-07,2,2,1,0.0764227642276422,-1,75764,-33.86465,151.17428,0.03671970624235,1538870400.0,4,0.0736674397135241
1650000,2021-10-23,2,3,2,0.0617886178861788,-1,26572,-33.34383,151.4961,0.7751529987760098,1634947200.0,5,0.0284618949146341
427000,2019-05-30,1,3,1,0.0747967479674796,-1,23556,-33.91991,151.03125,0.2118727050183598,1559174400.0,4,0.0605156314443862
585000,2021-07-29,1,0,1,0.0178861788617886,-1,44980,-33.75117,151.29037,0.1758873929008567,1627516800.0,1,0.0150013604112507
665000,2019-07-17,2,2,1,0.0853658536585365,-1,34424,-33.87913,151.08118,0.143329253365973,1563321600.0,4,0.0739668431614614
735000,2018-07-14,2,2,2,0.0715447154471544,-1,35412,-33.88947,151.12753,0.0952264381884945,1531526400.0,4,0.065046097243724
1320000,2021-07-29,2,3,2,0.116260162601626,-1,42432,-33.93166,151.15389,0.1067319461444308,1627516800.0,5,0.104490746237344
950000,2021-02-19,2,2,1,0.0544715447154471,-1,56784,-33.88143,151.15595,0.0613219094247246,1613692800.0,4,0.0512316005849791
4925000,2017-01-20,3,3,2,0.2065040650406504,-1,57772,-33.86923,151.19249,0.0167686658506731,1484870400.0,6,0.2030701390207362
830000,2020-06-30,1,3,1,0.0609756097560975,-1,41912,-33.9466,151.18371,0.1107711138310893,1593475200.0,4,0.0545819275289566
1675000,2021-11-24,2,3,2,0.1,-1,45552,-33.68907,151.29762,0.2552019583843329,1637712000.0,5,0.0774760012879429
426000,2016-09-14,1,2,2,0.040650406504065,-1,22204,-33.91825,151.07547,0.1647490820073439,1473811200.0,3,0.0344758732751214
1160000,2019-11-20,2,3,2,0.1130081300813008,-1,24076,-33.88148,151.20456,0.0193390452876376,1574208000.0,5,0.1108436576100916
644000,2020-03-24,1,2,1,0.0447154471544715,-1,35412,-33.86291,151.06711,0.1580171358629131,1585008000.0,3,0.0381796205571191
650000,2017-01-31,1,2,2,0.0593495934959349,-1,42380,-34.03534,151.12423,0.2468788249694002,1485820800.0,3,0.0463660006853804
366000,2018-04-28,1,2,1,0.0357723577235772,-1,22204,-33.91825,151.07547,0.1647490820073439,1524873600.0,3,0.0303387684821069
1911000,2021-06-19,1,2,1,0.1520325203252032,-1,56576,-33.79453,151.26125,0.1084455324357405,1624060800.0,3,0.1364077981597783
360000,2018-04-13,1,2,1,0.0390243902439024,-1,22204,-33.91825,151.07547,0.1647490820073439,1523577600.0,3,0.0330968383441166
3050000,2017-09-23,2,3,2,0.1528455284552845,-1,63284,-33.87457,151.22752,0.0200734394124846,1506124800.0,5,0.1498079819985631
1040000,2016-10-19,2,2,1,0.0788617886178861,-1,58188,-33.84282,151.11092,0.112484700122399,1476835200.0,4,0.0704717632982801
700000,2019-12-14,2,2,1,0.0804878048780487,-1,32708,-33.93868,151.14572,0.119828641370869,1576281600.0,4,0.0713985127559069
701000,2017-11-11,1,2,2,0.0715447154471544,-1,42900,-34.03656,151.0841,0.2691554467564259,1510358400.0,3,0.0546619141085132
2250000,2021-12-08,2,3,2,0.240650406504065,-1,56576,-33.79453,151.26125,0.1084455324357405,1638921600.0,5,0.2159182259641411
1240000,2017-07-14,2,3,2,0.1333333333333333,-1,45552,-33.68907,151.29762,0.2552019583843329,1499990400.0,5,0.1033013350505905
1350000,2016-10-13,1,3,1,0.0593495934959349,-1,57928,-33.84211,151.13803,0.0834761321909424,1476316800.0,4,0.0545964651369258
1185000,2021-11-13,2,2,1,0.0780487804878048,-1,58084,-33.81806,151.16504,0.0779681762545899,1636761600.0,4,0.072194642953705
1650000,2021-10-25,2,2,2,0.1,-1,58084,-33.81806,151.16504,0.0779681762545899,1635120000.0,4,0.0924993862844347
1197000,2021-11-11,1,2,1,0.0764227642276422,-1,68536,-33.87976,151.25633,0.0525091799265605,1636588800.0,3,0.0725134043936446
650000,2020-02-21,1,2,0,0.0235772357723577,-1,35412,-33.88947,151.12753,0.0952264381884945,1582243200.0,3,0.0214356456825908
550000,2020-03-25,1,1,1,0.091869918699187,-1,38272,-34.03262,151.10521,0.2527539779681762,1585094400.0,2,0.071351593080414
550000,2020-11-13,1,1,0,0.0048780487804878,-1,35412,-33.86794,151.20998,0.0001223990208078,1605225600.0,2,0.0048774517486324
3200000,2021-09-23,3,3,2,0.2414634146341463,-1,48932,-33.71505,151.29588,0.2221542227662178,1632355200.0,6,0.1933619355929675
1150000,2021-11-13,2,2,1,0.0658536585365853,-1,69732,-33.9082,151.19191,0.0582619339045287,1636761600.0,4,0.0621265262415593
632000,2021-02-24,1,1,1,0.0308943089430894,-1,57772,-33.86923,151.19249,0.0167686658506731,1614124800.0,2,0.0303805719794801
2855000,2021-11-26,2,2,1,0.0975609756097561,-1,66560,-33.80338,151.29117,0.1208078335373316,1637884800.0,4,0.0864589504356537
1111000,2019-11-22,2,3,2,0.4772357723577236,-1,43524,-33.70949,151.1061,0.238188494492044,1574380800.0,5,0.3760876229314742
341000,2019-05-17,1,2,1,0.0373983739837398,-1,23036,-33.9234,151.06765,0.1757649938800489,1558051200.0,3,0.0313703203213996
470000,2021-05-20,1,2,1,0.1040650406504065,-1,23556,-33.91991,151.03125,0.2118727050183598,1621468800.0,3,0.0841956611400157
725000,2019-07-16,2,3,2,0.0934959349593495,-1,39260,-33.81479,151.00875,0.2342717258261933,1563235200.0,5,0.0739690108467056
800000,2017-05-27,1,2,1,0.0365853658536585,-1,47528,-33.9047,151.13884,0.0930232558139534,1495843200.0,3,0.0333355723169275
700000,2020-01-16,1,1,1,0.0414634146341463,-1,58188,-33.84282,151.11092,0.112484700122399,1579132800.0,2,0.0370521642083741
1855000,2020-06-30,2,2,3,0.091869918699187,-1,60060,-33.8112,151.2183,0.0701346389228886,1593475200.0,4,0.0856474121787323
2750000,2018-10-03,2,2,2,0.1024390243902439,-1,66560,-33.80338,151.29117,0.1208078335373316,1538524800.0,4,0.0907818979574364
4100000,2021-12-11,2,2,1,0.0788617886178861,-1,35412,-33.86794,151.20998,0.0001223990208078,1639180800.0,4,0.0788521366028907
3010000,2021-09-28,2,3,1,0.0609756097560975,-1,24076,-33.88148,151.20456,0.0193390452876376,1632787200.0,5,0.0598077289263083
815000,2018-11-01,1,1,0,0.0235772357723577,-1,35412,-33.86794,151.20998,0.0001223990208078,1541030400.0,2,0.02357435011839
2150000,2021-12-10,2,3,2,0.1048780487804878,-1,43628,-33.62899,151.32686,0.3433292533659731,1639094400.0,5,0.0744009701653864
650000,2021-05-27,2,3,2,0.0674796747967479,-1,32240,-33.74515,150.68955,0.6082007343941249,1622073600.0,5,0.0367311696555959
1350100,2016-12-15,2,2,1,0.073170731707317,-1,38324,-33.7958,151.18087,0.0960832313341493,1481760000.0,4,0.0664674443812101
479000,2018-12-02,1,2,1,0.0536585365853658,-1,30680,-33.80402,150.95535,0.2964504283965728,1543708800.0,3,0.0398925721234345
1054500,2021-09-14,1,2,1,0.032520325203252,-1,56576,-33.79453,151.26125,0.1084455324357405,1631577600.0,3,0.0291781386438028
645000,2020-02-19,1,2,1,0.0747967479674796,-1,39624,-33.96908,151.07198,0.2067319461444308,1582070400.0,3,0.0608275287212062
300000,2019-11-06,1,2,1,0.0642276422764227,-1,33852,-33.34073,151.42855,0.7503059975520197,1572998400.0,3,0.0303297077363776
590000,2020-10-14,1,1,1,0.0382113821138211,-1,47528,-33.9047,151.13884,0.0930232558139534,1602633600.0,2,0.034817153308791
3000000,2017-12-02,2,2,1,0.0747967479674796,-1,97500,-33.86055,151.20159,0.0075887392900856,1512172800.0,4,0.0742312832433009
1300000,2021-11-15,2,2,2,0.0577235772357723,-1,60320,-33.88447,151.21001,0.0225214198286413,1636934400.0,4,0.0564380901503343
1000000,2021-11-16,1,2,2,0.1463414634146341,-1,47528,-33.9047,151.13884,0.0930232558139534,1637020800.0,3,0.1333422892677105
675000,2019-04-30,1,1,1,0.0300813008130081,-1,40872,-33.90035,151.20733,0.0441860465116279,1556582400.0,2,0.0287810647441139
1025000,2021-07-14,1,1,0,0.0146341463414634,-1,57564,-33.8704,151.21848,0.0084455324357405,1626220800.0,2,0.0145110736227195
885000,2021-02-23,1,2,1,0.0715447154471544,-1,57772,-33.86923,151.19249,0.0167686658506731,1614038400.0,3,0.0703550087945857
780000,2019-02-27,2,2,1,0.0707317073170731,-1,69732,-33.9082,151.19191,0.0582619339045287,1551225600.0,4,0.0667284911483414
550000,2021-05-27,2,2,1,0.0552845528455284,-1,23556,-33.91991,151.03125,0.2118727050183598,1622073600.0,4,0.0447289449806333
620000,2019-07-26,1,2,1,0.0609756097560975,-1,38792,-33.69724,151.10055,0.255813953488372,1564099200.0,3,0.0472125615002245
1430000,2016-05-20,1,2,1,0.040650406504065,-1,88816,-33.86505,151.25332,0.045532435740514,1463702400.0,3,0.0388410004101098
1350000,2021-10-22,2,2,1,0.0528455284552845,-1,48620,-33.78215,151.26601,0.125703794369645,1634860800.0,4,0.0466032045596485
1500000,2021-10-15,1,2,2,0.0512195121951219,-1,65000,-33.79412,151.27428,0.1172582619339045,1634256000.0,3,0.0455523536915907
1105000,2021-10-23,2,2,1,0.0536585365853658,-1,57772,-33.86923,151.19249,0.0167686658506731,1634947200.0,4,0.0527662565959392
380000,2019-07-22,1,2,1,0.6065040650406504,-1,23036,-33.9234,151.06765,0.1757649938800489,1563753600.0,3,0.5087447599948737
2450000,2021-12-03,4,4,2,0.1934959349593495,-1,70980,-33.84053,151.1989,0.0319461444308445,1638489600.0,8,0.1874121795315112
505000,2020-06-16,1,1,1,0.0382113821138211,-1,39260,-33.81479,151.00875,0.2342717258261933,1592265600.0,2,0.0302308131286536
360000,2017-11-10,1,2,1,0.048780487804878,-1,33852,-33.34073,151.42855,0.7503059975520197,1510272000.0,3,0.0230352210656032
2000000,2019-11-29,6,12,6,0.6016260162601627,-1,23036,-33.9234,151.06765,0.1757649938800489,1574985600.0,18,0.5046529790833869
711000,2020-11-21,1,1,2,0.0414634146341463,-1,44980,-33.75117,151.29037,0.1758873929008567,1605916800.0,2,0.0347758809533539
2068000,2021-07-16,2,3,2,0.1260162601626016,-1,52988,-33.84744,151.11635,0.1050183598531211,1626393600.0,5,0.1134534462612696
621250,2019-10-23,1,1,1,0.040650406504065,-1,48620,-33.78215,151.26601,0.125703794369645,1571788800.0,2,0.0358486188920373
510000,2020-11-18,1,2,0,0.024390243902439,-1,37336,-33.99452,151.13524,0.1911872705018359,1605657600.0,3,0.0201458022529818
3151000,2021-07-28,2,2,1,0.073170731707317,-1,35412,-33.86794,151.20998,0.0001223990208078,1627430400.0,4,0.0731617762294862
825000,2018-05-21,2,2,1,0.0617886178861788,-1,41236,-33.91228,151.15592,0.0848225214198286,1526860800.0,4,0.0567636780076843
1025000,2021-09-13,1,2,0,0.016260162601626,-1,70512,-33.83489,151.21821,0.0384332925336597,1631491200.0,3,0.0156470877222736
765000,2019-11-07,2,2,0,0.0699186991869918,-1,43472,-33.73636,151.07741,0.2268053855569155,1573084800.0,4,0.0557305093595263
520000,2021-03-25,2,3,1,0.0723577235772357,-1,22568,-33.85787,151.02827,0.2023255813953488,1616630400.0,5,0.0591038826748721
631000,2017-04-28,1,1,0,0.0032520325203252,-1,63284,-33.87457,151.22752,0.0200734394124846,1493337600.0,2,0.0031874038723098
777500,2020-02-22,1,1,1,0.0252032520325203,-1,70512,-33.83489,151.21821,0.0384332925336597,1582329600.0,2,0.0242529859695241
1055000,2021-08-28,2,3,1,0.0780487804878048,-1,39624,-33.98256,151.14633,0.1712362301101591,1630108800.0,5,0.0657656583144046
833000,2019-04-21,2,2,1,0.0796747967479674,-1,39312,-33.8078,151.11399,0.1299877600979192,1555804800.0,4,0.0699629313181024
1250000,2019-06-15,2,2,1,0.0715447154471544,-1,35412,-33.86794,151.20998,0.0001223990208078,1560556800.0,4,0.0715359589799421
581000,2016-11-25,1,1,0,0.0138211382113821,-1,51532,-33.89313,151.20653,0.034516523867809,1480032000.0,2,0.0133522198350733
492000,2021-05-17,1,2,1,0.0626016260162601,-1,23556,-33.91991,151.03125,0.2118727050183598,1621209600.0,3,0.0506489524045407
970000,2017-07-29,2,2,1,0.0528455284552845,-1,40248,-33.94543,151.24625,0.1128518971848225,1501286400.0,4,0.0472060094492165
1331000,2021-11-12,2,2,1,0.0544715447154471,-1,44980,-33.75117,151.29037,0.1758873929008567,1636675200.0,4,0.0456859612524453
404000,2020-11-14,2,2,1,0.0520325203252032,-1,31980,-33.77655,150.90338,0.3638922888616891,1605312000.0,4,0.0361608349292018
1200000,2021-04-30,2,2,1,0.0528455284552845,-1,72020,-33.82277,151.21527,0.0542227662178702,1619740800.0,4,0.0500563982269663
2400000,2021-04-21,2,3,2,0.148780487804878,-1,72072,-33.82233,151.19286,0.0575275397796817,1618963200.0,5,0.1404630470243201
2503000,2021-10-09,1,2,1,0.0772357723577235,-1,66820,-33.8794,151.22078,0.0192166462668298,1633737600.0,3,0.0757657297235998
1170000,2021-09-21,2,2,2,0.0764227642276422,-1,45552,-33.68907,151.29762,0.2552019583843329,1632182400.0,4,0.0592093017972896
510000,2016-08-19,1,2,1,0.0520325203252032,-1,35880,-33.91492,150.95681,0.2906976744186046,1471564800.0,3,0.0389068854787768
3000000,2021-08-28,3,3,1,0.1,-1,57564,-33.8704,151.21848,0.0084455324357405,1630108800.0,6,0.0991590030885837
635000,2018-09-13,2,2,1,0.0975609756097561,-1,40040,-33.80918,150.98696,0.2600979192166462,1536796800.0,4,0.0752171793885519
1050000,2021-12-17,2,2,1,0.0796747967479674,-1,38272,-34.03262,151.10521,0.2527539779681762,1639699200.0,4,0.0618801426715094
471000,2020-11-05,1,1,1,0.0317073170731707,-1,37908,-33.86058,151.07927,0.1444308445532435,1604534400.0,2,0.0274431510978514
348000,2019-08-27,1,2,1,0.0560975609756097,-1,26000,-33.76791,150.8136,0.4643818849449205,1566864000.0,3,0.035258634522938
662000,2019-09-14,1,2,1,0.0861788617886178,-1,32656,-33.97075,151.1214,0.1712362301101591,1568419200.0,3,0.0726162477221551
470000,2019-12-19,2,2,1,0.0536585365853658,-1,22568,-33.85787,151.02827,0.2023255813953488,1576713600.0,4,0.0438298455791187
645000,2020-12-11,1,1,0,0.0349593495934959,-1,69732,-33.9082,151.19191,0.0582619339045287,1607644800.0,2,0.0329807484986055
1756000,2021-09-24,2,2,1,0.0674796747967479,-1,72072,-33.82233,151.19286,0.0575275397796817,1632441600.0,4,0.0637072836230522
1760000,2018-09-14,2,2,1,0.0869918699186991,-1,57772,-33.86923,151.19249,0.0167686658506731,1536883200.0,4,0.0855452947843258
780000,2018-06-22,1,2,1,0.0479674796747967,-1,49920,-33.73444,151.12793,0.1965728274173806,1529625600.0,3,0.0394072751251102
446500,2020-08-21,2,2,1,0.0585365853658536,-1,23556,-33.91991,151.03125,0.2118727050183598,1597968000.0,4,0.0473600593912588
751000,2016-11-03,2,2,1,0.0674796747967479,-1,42172,-33.91857,151.20485,0.0690330477356181,1478131200.0,4,0.0629784995196122
1150000,2017-03-21,2,2,1,0.0666666666666666,-1,57772,-33.86923,151.19249,0.0167686658506731,1490054400.0,4,0.065558076376773
360000,2020-07-30,1,1,1,0.0317073170731707,-1,24232,-33.92148,150.91654,0.3372093023255814,1596067200.0,2,0.0226313966484387
1273000,2021-07-19,2,2,2,0.1577235772357723,-1,56368,-33.84052,151.1065,0.1181150550795593,1626652800.0,4,0.1401521943441369
1485000,2016-10-26,2,2,1,0.0699186991869918,-1,26728,-33.91291,151.22388,0.0630354957160342,1477440000.0,4,0.0656473760484844
2225000,2016-10-28,2,3,2,0.1455284552845528,-1,65000,-33.79412,151.27428,0.1172582619339045,1477612800.0,5,0.1294265287427738
1340000,2020-10-10,1,2,0,0.048780487804878,-1,66820,-33.91965,151.25639,0.0871481028151774,1602288000.0,3,0.0447093338159797
485000,2021-05-17,1,2,1,0.0634146341463414,-1,23556,-33.91991,151.03125,0.2118727050183598,1621209600.0,3,0.051306731007197
432000,2017-12-21,1,1,1,0.0390243902439024,-1,38792,-33.94248,150.94138,0.3178702570379437,1513814400.0,2,0.0283979393514061
880000,2020-09-26,2,2,1,0.065040650406504,-1,71812,-33.90226,151.18621,0.0533659730722154,1601078400.0,4,0.0616606825651384
935000,2020-09-24,2,3,1,0.0796747967479674,-1,42172,-34.05314,151.1205,0.2708690330477356,1600905600.0,5,0.0607692725929984
2269000,2021-06-26,2,2,1,0.0723577235772357,-1,35412,-33.86794,151.20998,0.0001223990208078,1624665600.0,4,0.0723488676047142
1750000,2020-11-11,2,3,2,0.1455284552845528,-1,62660,-33.83,151.18555,0.05140758873929,1605052800.0,5,0.138236231996864
1850000,2020-05-20,2,2,1,0.0642276422764227,-1,66560,-33.80338,151.29117,0.1208078335373316,1589932800.0,4,0.0569188090368053
745000,2020-04-30,1,2,1,0.0552845528455284,-1,44980,-33.75117,151.29037,0.1758873929008567,1588204800.0,3,0.0463678412711386
660000,2019-03-28,1,1,0,0.0260162601626016,-1,60320,-33.88447,151.21001,0.0225214198286413,1553731200.0,2,0.0254368857015591
570000,2018-02-20,2,2,1,0.108130081300813,-1,38792,-33.94248,150.94138,0.3178702570379437,1519084800.0,4,0.0786859569528547
412500,2018-10-04,1,2,1,0.0439024390243902,-1,23556,-33.91991,151.03125,0.2118727050183598,1538611200.0,3,0.0355200445434441
1200000,2021-11-25,2,2,1,0.0504065040650406,-1,57772,-33.86923,151.19249,0.0167686658506731,1637798400.0,4,0.0495683016507308
300500,2018-03-16,1,2,1,0.0292682926829268,-1,31980,-34.08405,150.81805,0.5299877600979193,1521158400.0,3,0.0172276733909162
272500,2016-01-22,1,1,1,0.0666666666666666,-1,31148,-33.33333,151.50775,0.7936352509179927,1453420800.0,2,0.0301465300489234
1575000,2021-11-29,2,2,1,0.0626016260162601,-1,57564,-33.8704,151.21848,0.0084455324357405,1638144000.0,4,0.0620751482749669
880000,2018-03-17,1,2,1,0.056910569105691,-1,24856,-33.87838,151.10412,0.1175030599755201,1521244800.0,3,0.0506013376993241
830000,2016-11-16,1,2,1,0.0219512195121951,-1,26728,-33.91291,151.22388,0.0630354957160342,1479254400.0,3,0.0206102227128962
1200000,2021-07-17,1,2,1,0.0455284552845528,-1,57148,-33.85577,151.27607,0.0723378212974296,1626480000.0,3,0.0423513246844754
1350000,2019-06-14,2,3,2,0.1113821138211382,-1,52988,-33.84744,151.11635,0.1050183598531211,1560470400.0,5,0.1002782073406061
1042000,2018-11-21,1,1,1,0.0357723577235772,-1,38324,-33.7958,151.18087,0.0960832313341493,1542758400.0,2,0.0324951950308138
535000,2018-02-19,1,2,1,0.0577235772357723,-1,34996,-33.79196,150.9468,0.3105263157894737,1518998400.0,3,0.0423149051614197
649000,2016-06-16,2,2,1,0.0471544715447154,-1,42952,-33.85783,151.08877,0.1339045287637698,1466035200.0,4,0.041244769815829
590000,2019-11-15,2,2,1,0.0601626016260162,-1,23764,-33.9451,151.05302,0.2045287637698898,1573776000.0,4,0.0490344033068005
1185000,2021-10-13,1,1,1,0.0390243902439024,-1,35412,-33.86794,151.20998,0.0001223990208078,1634083200.0,2,0.0390196139890593
750000,2020-05-26,1,2,1,0.0479674796747967,-1,41236,-33.91228,151.15592,0.0848225214198286,1590451200.0,3,0.0440665395059654
1300000,2021-09-14,2,2,1,0.065040650406504,-1,54964,-33.89296,151.2503,0.0556915544675642,1631577600.0,4,0.0615174522403828
1560000,2020-10-27,2,3,2,0.1130081300813008,-1,48828,-33.83054,151.14729,0.0813953488372093,1603756800.0,5,0.104174191355185
1050000,2021-11-17,1,2,1,0.0447154471544715,-1,28080,-33.88626,151.19999,0.027172582619339,1637107200.0,3,0.0435167722709429
1228000,2018-07-21,2,2,1,0.0626016260162601,-1,55276,-33.88032,151.18079,0.035250917992656,1532131200.0,4,0.0604333034420474
675000,2020-09-26,1,2,3,0.0658536585365853,-1,33852,-33.95426,151.1404,0.1406364749082007,1601078400.0,3,0.0572139935174872
1000000,2021-12-20,2,2,0,0.0439024390243902,-1,25272,-33.89089,151.19334,0.035985312117503,1639958400.0,4,0.0423506837024103
685000,2021-01-19,2,2,1,0.0715447154471544,-1,31616,-33.94767,151.01233,0.2465116279069767,1611014400.0,4,0.0559137887100782
737000,2019-10-15,1,1,1,0.0715447154471544,-1,44980,-33.75117,151.29037,0.1758873929008567,1571097600.0,2,0.0600054416450029
1950000,2021-09-13,2,3,2,0.1016260162601626,-1,67184,-33.81731,151.20149,0.0619339045287637,1631491200.0,5,0.0955228669559385
505000,2020-09-23,1,2,1,0.0512195121951219,-1,37908,-33.79411,151.0117,0.2407588739290085,1600819200.0,3,0.0402601313632216
6200000,2020-12-10,3,3,2,0.1902439024390244,-1,57772,-33.86923,151.19249,0.0167686658506731,1607558400.0,6,0.187080364294694
1300000,2021-10-29,2,2,2,0.0788617886178861,-1,35412,-33.86794,151.20998,0.0001223990208078,1635465600.0,4,0.0788521366028907
1075000,2021-07-15,1,2,1,0.0528455284552845,-1,57564,-33.8704,151.21848,0.0084455324357405,1626307200.0,3,0.0524010991931539
1060000,2021-12-18,2,2,2,0.1747967479674796,-1,40924,-33.72933,150.99777,0.2993880048959608,1639785600.0,4,0.1295718889120048
557000,2021-05-27,2,2,1,0.073170731707317,-1,32240,-33.74515,150.68955,0.6082007343941249,1622073600.0,4,0.0398289791446221
2700000,2021-10-11,2,3,3,0.1292682926829268,-1,48828,-33.83054,151.14729,0.0813953488372093,1633910400.0,5,0.1191632836365066
492000,2018-03-17,1,2,2,0.0764227642276422,-1,23556,-33.91991,151.03125,0.2118727050183598,1521244800.0,3,0.061831188649699
660000,2019-10-18,1,1,0,0.0260162601626016,-1,72072,-33.82233,151.19286,0.0575275397796817,1571356800.0,2,0.0245618442884056
1180000,2021-10-23,2,2,1,0.0861788617886178,-1,58968,-33.91594,151.17672,0.0749082007343941,1634947200.0,4,0.0799592175441457
410000,2019-10-22,1,2,2,0.0626016260162601,-1,20592,-33.86904,150.95102,0.2895960832313341,1571702400.0,3,0.0468614403185161
1300000,2020-09-28,2,2,1,0.0593495934959349,-1,51532,-33.89313,151.20653,0.034516523867809,1601251200.0,4,0.0573360028211971
572000,2021-03-25,1,2,1,0.0463414634146341,-1,33696,-33.77523,151.0454,0.219094247246022,1616630400.0,3,0.0372235956252972
1140000,2021-11-16,2,2,1,0.0626016260162601,-1,72072,-33.82233,151.19286,0.0575275397796817,1637020800.0,4,0.0591019378189761
1100000,2020-01-23,2,2,1,0.0512195121951219,-1,26728,-33.91291,151.22388,0.0630354957160342,1579737600.0,4,0.0480905196634246
1200000,2021-06-29,2,3,2,0.0926829268292682,-1,56524,-33.82839,151.07771,0.1542227662178702,1624924800.0,5,0.0794367821934916
1065000,2020-10-22,2,2,1,0.0617886178861788,-1,35412,-33.86794,151.20998,0.0001223990208078,1603324800.0,4,0.0617810554826772
1060000,2021-11-26,2,2,1,0.0560975609756097,-1,52884,-33.89452,151.1556,0.0696450428396572,1637884800.0,4,0.0523235885019947
1225000,2020-11-28,2,3,2,0.0837398373983739,-1,20072,-33.87941,151.19845,0.0195838433292533,1606521600.0,5,0.082115843467156
727000,2016-08-19,1,1,1,0.0219512195121951,-1,75764,-33.86465,151.17428,0.03671970624235,1471564800.0,2,0.021159796513459
2620000,2016-08-22,2,4,4,0.4349593495934959,-1,34320,-33.80641,150.96973,0.2799265605875153,1471824000.0,6,0.3287593476237245
2808000,2019-01-25,2,6,2,0.3235772357723577,-1,67028,-33.78265,151.28518,0.1370869033047735,1548374400.0,8,0.2821251967703048
1800000,2021-06-15,2,2,1,0.0365853658536585,-1,65936,-33.89787,151.23244,0.0476132190942472,1623715200.0,4,0.0348842382559873
1172500,2016-09-24,1,2,1,0.0560975609756097,-1,48932,-33.71505,151.29588,0.2221542227662178,1474675200.0,3,0.0449224698852348
750000,2019-03-30,1,1,0,0.0186991869918699,-1,54964,-33.89296,151.2503,0.0556915544675642,1553904000.0,2,0.01768626751911
2320000,2020-08-27,2,3,3,0.1609756097560975,-1,58188,-33.84282,151.11092,0.112484700122399,1598486400.0,5,0.1438495786913348
1638000,2018-11-14,2,2,1,0.0691056910569105,-1,38324,-33.7958,151.18087,0.0960832313341493,1542153600.0,4,0.062774808582254
1300000,2021-10-22,1,2,1,0.0536585365853658,-1,67028,-33.78265,151.28518,0.1370869033047735,1634860800.0,3,0.0467845803689449
1200000,2021-07-23,1,3,1,0.0739837398373983,-1,51896,-33.78256,151.18105,0.1130966952264381,1626998400.0,4,0.0660722368948194
460000,2021-01-25,2,2,1,0.0390243902439024,-1,37388,-33.42389,151.34058,0.6134638922888618,1611532800.0,4,0.0211306152639878
608000,2020-05-25,1,2,1,0.0512195121951219,-1,42900,-34.03656,151.0841,0.2691554467564259,1590364800.0,3,0.0391329612367765
390000,2016-05-18,1,2,1,0.0390243902439024,-1,23036,-33.9234,151.06765,0.1757649938800489,1463529600.0,3,0.0327342472918953
695000,2019-06-19,1,2,1,0.0544715447154471,-1,34632,-33.913,151.1171,0.119828641370869,1560902400.0,3,0.0483202056024824
827000,2020-04-27,2,2,2,0.0585365853658536,-1,44980,-33.75117,151.29037,0.1758873929008567,1587945600.0,4,0.0490953613459114
2750000,2020-09-23,2,3,1,0.1479674796747967,-1,57772,-33.86923,151.19249,0.0167686658506731,1600819200.0,5,0.1455069500069842
2950000,2021-10-22,2,2,2,0.1,-1,48932,-33.71505,151.29588,0.2221542227662178,1634860800.0,4,0.0800791854475926
3500000,2021-10-15,1,2,1,0.0439024390243902,-1,67340,-33.82846,151.24866,0.0626682986536107,1634256000.0,3,0.0412355842315571
1170000,2021-11-06,2,2,1,0.0609756097560975,-1,34216,-33.7788,151.12627,0.1471236230110159,1636156800.0,4,0.0526333695738948
1000000,2019-10-15,1,2,2,0.1130081300813008,-1,44980,-33.75117,151.29037,0.1758873929008567,1571097600.0,3,0.0947813225983569
565000,2018-11-21,1,2,1,0.1609756097560975,-1,38584,-33.8063,151.08417,0.1596083231334149,1542758400.0,3,0.1372281045779553
1480000,2018-12-09,2,2,1,0.1056910569105691,-1,57772,-33.86923,151.19249,0.0167686658506731,1544313600.0,4,0.1039335357192744
752000,2018-05-18,1,3,1,0.0682926829268292,-1,34684,-33.96482,151.08475,0.1922888616891065,1526601600.0,4,0.0563461416945545
1425000,2021-06-25,2,3,1,0.1146341463414634,-1,57564,-33.8704,151.21848,0.0084455324357405,1624579200.0,5,0.1136700767113032
1900000,2019-09-14,2,2,1,0.1,-1,68952,-33.82708,151.22512,0.0507955936352509,1568419200.0,4,0.0950472933394575
1025000,2021-07-21,1,2,0,0.0268292682926829,-1,52884,-33.89452,151.1556,0.0696450428396572,1626825600.0,3,0.0250243249357366
1600000,2021-09-24,1,1,1,0.0284552845528455,-1,69160,-33.86528,151.22607,0.01468788249694,1632441600.0,2,0.0280403910889942
1082500,2020-05-22,2,2,2,0.1073170731707317,-1,48932,-33.71505,151.29588,0.2221542227662178,1590105600.0,4,0.0859386380413188
2150000,2021-07-26,2,2,1,0.0520325203252032,-1,35412,-33.86794,151.20998,0.0001223990208078,1627257600.0,4,0.0520261519854124
660000,2018-05-14,1,1,0,0.0227642276422764,-1,45604,-33.90769,151.2083,0.0541003671970624,1526256000.0,2,0.0215653955810764
490000,2020-12-15,2,2,1,0.0560975609756097,-1,25272,-33.83511,150.98511,0.2542227662178702,1607990400.0,4,0.0435047257008423
1290000,2021-10-13,1,2,1,0.1138211382113821,-1,49452,-33.76899,151.15799,0.1395348837209302,1634083200.0,3,0.0989973784522866
1460000,2020-10-31,2,2,1,0.0552845528455284,-1,35412,-33.86794,151.20998,0.0001223990208078,1604102400.0,4,0.0552777864845007
1050000,2021-10-20,1,1,0,0.0447154471544715,-1,66820,-33.91965,151.25639,0.0871481028151774,1634688000.0,2,0.0409835559979814
1675000,2020-10-26,2,3,2,0.0910569105691057,-1,35412,-33.86794,151.20998,0.0001223990208078,1603670400.0,5,0.0910457659744719
2380000,2019-11-22,2,3,2,0.18130081300813,-1,58188,-33.84282,151.11092,0.112484700122399,1574380800.0,5,0.162012404283675
1790000,2021-09-16,2,2,1,0.0479674796747967,-1,66820,-33.8794,151.22078,0.0192166462668298,1631750400.0,4,0.0470545058283409
910000,2020-11-27,2,2,1,0.1032520325203252,-1,69732,-33.9082,151.19191,0.0582619339045287,1606435200.0,4,0.097408257193556
1861000,2018-06-30,2,3,2,0.1276422764227642,-1,57928,-33.84211,151.13803,0.0834761321909424,1530316800.0,5,0.1174197948835256
1590000,2021-06-19,2,3,2,0.0951219512195122,-1,67184,-33.81731,151.20149,0.0619339045287637,1624060800.0,5,0.0894094034707584
312000,2017-10-10,1,2,1,0.048780487804878,-1,33852,-33.34073,151.42855,0.7503059975520197,1507593600.0,3,0.0230352210656032
665000,2019-12-07,2,2,1,0.0601626016260162,-1,39260,-33.81479,151.00875,0.2342717258261933,1575676800.0,4,0.0475974504578801
8650000,2016-09-27,3,3,2,0.3869918699186991,-1,83096,-33.87237,151.2356,0.0270501835985312,1474934400.0,6,0.3766639841354265
1250000,2016-09-24,1,2,1,0.0308943089430894,-1,65000,-33.79412,151.27428,0.1172582619339045,1474675200.0,3,0.0274760228615944
1395000,2021-06-19,1,3,1,0.3739837398373983,-1,47684,-33.85841,151.14202,0.0738066095471236,1624060800.0,4,0.3473752857122418
927000,2018-03-19,2,2,1,0.0585365853658536,-1,45604,-33.90769,151.2083,0.0541003671970624,1521417600.0,4,0.0554538743513394
455000,2020-08-28,1,1,1,0.056910569105691,-1,56524,-33.82839,151.07771,0.1542227662178702,1598572800.0,2,0.0487769715223194
1800000,2021-08-23,2,3,2,0.1219512195121951,-1,40144,-33.73041,151.26832,0.1908200734394124,1629676800.0,5,0.1007660054536098
1950000,2017-02-16,3,3,1,0.08130081300813,-1,57772,-33.86923,151.19249,0.0167686658506731,1487203200.0,6,0.079948873630211
380000,2017-09-30,1,2,1,0.08130081300813,-1,33852,-33.34073,151.42855,0.7503059975520197,1506729600.0,3,0.0383920351093388
1635000,2021-05-18,2,3,2,0.0886178861788618,-1,46852,-33.65717,151.31571,0.3030599755201958,1621296000.0,5,0.0654491651885263
1350000,2021-01-28,1,2,2,0.1577235772357723,-1,51064,-33.78063,151.16255,0.1230110159118726,1611792000.0,3,0.1394676917064353
1280000,2021-12-15,2,2,2,0.0707317073170731,-1,62660,-33.83,151.18555,0.05140758873929,1639526400.0,4,0.0671874423671908
6300000,2017-07-21,2,3,2,0.0983739837398374,-1,40040,-33.83016,150.99863,0.2402692778457772,1500595200.0,5,0.0773628814987264
1200000,2021-07-28,2,3,2,0.0609756097560975,-1,42172,-33.91857,151.20485,0.0690330477356181,1627430400.0,5,0.0569082826984447
666000,2020-11-08,1,1,1,0.0260162601626016,-1,42172,-33.91857,151.20485,0.0690330477356181,1604793600.0,2,0.0242808672846697
1075000,2021-12-22,2,2,1,0.0666666666666666,-1,35412,-33.86794,151.20998,0.0001223990208078,1640131200.0,4,0.0666585072313097
1410000,2021-07-23,2,2,2,0.1024390243902439,-1,39052,-33.85608,151.10677,0.1138310893512851,1626998400.0,4,0.0914174745859296
3975000,2021-12-24,2,3,2,0.1495934959349593,-1,57772,-33.86923,151.19249,0.0167686658506731,1640304000.0,5,0.1471059274795884
605000,2018-04-13,2,2,1,0.0504065040650406,-1,27248,-33.86491,151.04789,0.1798041615667074,1523577600.0,4,0.0421112975099497
990000,2016-10-09,1,2,1,0.0471544715447154,-1,65000,-33.79412,151.27428,0.1172582619339045,1475971200.0,3,0.0419370875255914
1200000,2017-04-22,1,3,1,0.1008130081300813,-1,46852,-33.65717,151.31571,0.3030599755201958,1492819200.0,4,0.0744559310401583
630000,2018-07-14,1,2,1,0.0235772357723577,-1,35412,-33.88947,151.12753,0.0952264381884945,1531526400.0,3,0.0214356456825908
390000,2020-08-19,2,2,1,0.0601626016260162,-1,32760,-33.75951,150.77085,0.5141982864137087,1597795200.0,4,0.0359760211516539
585000,2020-10-29,1,2,1,0.0390243902439024,-1,38584,-33.8063,151.08417,0.1596083231334149,1603929600.0,3,0.0332674192916255
435000,2019-07-23,1,1,1,0.1373983739837398,-1,56524,-33.82839,151.07771,0.1542227662178702,1563840000.0,2,0.117761545532457
650000,2018-02-24,1,2,1,0.048780487804878,-1,34424,-33.87913,151.08118,0.143329253365973,1519430400.0,3,0.042266767520835
1050000,2021-10-13,2,3,2,0.0934959349593495,-1,37336,-33.99452,151.13524,0.1911872705018359,1634083200.0,5,0.0772255753030972
3700000,2020-09-29,3,4,2,0.1512195121951219,-1,35412,-33.86794,151.20998,0.0001223990208078,1601337600.0,7,0.151201004207605
2500000,2020-07-21,3,4,3,0.165040650406504,-1,58188,-33.84282,151.11092,0.112484700122399,1595289600.0,7,0.1474821438098029
1800000,2017-06-21,1,1,1,0.0390243902439024,-1,97500,-33.86055,151.20159,0.0075887392900856,1498003200.0,2,0.0387293651704178
1350000,2021-12-11,2,3,2,0.08130081300813,-1,56524,-33.82839,151.07771,0.1542227662178702,1639180800.0,5,0.0696813878890277
1075000,2021-11-25,1,2,2,0.0585365853658536,-1,50180,-33.85052,151.12987,0.0891064871481028,1637798400.0,3,0.0535462337247883
930000,2018-08-29,1,2,1,0.016260162601626,-1,57044,-33.77603,151.28481,0.14406364749082,1535500800.0,3,0.0140785794834232
1463000,2021-09-25,2,2,2,0.0723577235772357,-1,20072,-33.87941,151.19845,0.0195838433292533,1632528000.0,4,0.0709544666852124
695000,2020-11-26,1,1,0,0.040650406504065,-1,69732,-33.9082,151.19191,0.0582619339045287,1606348800.0,2,0.0383497075565181
637500,2020-08-25,1,1,1,0.0300813008130081,-1,42172,-33.91857,151.20485,0.0690330477356181,1598313600.0,2,0.0280747527978994
1060000,2021-10-26,3,3,2,0.0837398373983739,-1,43524,-33.70949,151.1061,0.238188494492044,1635206400.0,6,0.0659915249777543
355000,2019-10-18,1,2,1,0.0609756097560975,-1,33436,-33.75876,150.75061,0.5364749082007344,1571356800.0,3,0.0356589096592591
750000,2017-10-20,2,2,2,0.0617886178861788,-1,56524,-33.82839,151.07771,0.1542227662178702,1508457600.0,4,0.0529578547956611
1700000,2021-10-22,2,2,1,0.1260162601626016,-1,40872,-33.90035,151.20733,0.0441860465116279,1634860800.0,4,0.1205693252793962
1225000,2017-02-15,2,2,2,0.0861788617886178,-1,57772,-33.86923,151.19249,0.0167686658506731,1487116800.0,4,0.0847458060480237
581000,2020-10-10,1,2,1,0.0626016260162601,-1,33852,-33.95426,151.1404,0.1406364749082007,1602288000.0,3,0.0543886111215619
932000,2017-02-18,2,2,1,0.1219512195121951,-1,58968,-33.91594,151.17672,0.0749082007343941,1487376000.0,4,0.1131498361473761
1356000,2021-06-29,1,2,2,0.0886178861788618,-1,48620,-33.78215,151.26601,0.125703794369645,1624924800.0,3,0.0781499891846414
1195000,2021-01-14,2,4,2,0.140650406504065,-1,42432,-33.93166,151.15389,0.1067319461444308,1610582400.0,6,0.1264118818116119
1240000,2021-02-24,2,3,2,0.1276422764227642,-1,31512,-33.95213,151.1183,0.1534883720930232,1614124800.0,5,0.1094801510494938
515000,2017-02-17,2,2,1,0.0723577235772357,-1,26208,-33.83592,151.00745,0.2290085679314565,1487289600.0,4,0.0575476691138531
1770000,2020-09-18,2,2,1,0.0699186991869918,-1,57772,-33.86923,151.19249,0.0167686658506731,1600387200.0,4,0.0687560313219814
1050000,2020-10-24,3,4,2,0.173170731707317,-1,34996,-33.96814,151.13537,0.1596083231334149,1603497600.0,7,0.1476241731065883
1050000,2021-11-30,2,3,2,0.1211382113821138,-1,46800,-33.94907,151.19881,0.111015911872705,1638230400.0,5,0.1084095543290568
1030000,2021-12-18,2,2,2,0.1008130081300813,-1,58084,-33.81806,151.16504,0.0779681762545899,1639785600.0,4,0.0932514138152024
545000,2016-05-21,1,1,1,0.0479674796747967,-1,43524,-33.70949,151.1061,0.238188494492044,1463788800.0,2,0.0378009706183253
942000,2017-06-23,2,2,1,0.0601626016260162,-1,40872,-33.90035,151.20733,0.0441860465116279,1498176000.0,4,0.0575621294882278
1070000,2021-07-20,2,2,1,0.0544715447154471,-1,52884,-33.89452,151.1556,0.0696450428396572,1626739200.0,4,0.0508069627483137
1050000,2021-04-28,2,3,2,0.0951219512195122,-1,37908,-33.86058,151.07927,0.1444308445532435,1619568000.0,5,0.0823294532935545
1050000,2021-11-26,2,3,2,0.1024390243902439,-1,56524,-33.82839,151.07771,0.1542227662178702,1637884800.0,5,0.087798548740175
588000,2019-11-27,1,2,1,0.0536585365853658,-1,41756,-34.05778,151.01793,0.3362301101591187,1574812800.0,3,0.0383368073642779
2600000,2021-08-31,2,2,1,0.0536585365853658,-1,69160,-33.86528,151.22607,0.01468788249694,1630368000.0,4,0.0528761660535319
793000,2017-10-02,1,3,1,0.0626016260162601,-1,47268,-34.03269,151.0552,0.2833537331701346,1506902400.0,4,0.0471548807594613
3700000,2021-10-04,2,3,2,0.2113821138211382,-1,67236,-33.91153,151.26289,0.0833537331701346,1633305600.0,5,0.194476965834847
1150000,2021-11-08,2,2,2,0.08130081300813,-1,45552,-33.86665,151.12685,0.0904528763769889,1636329600.0,4,0.0742697057833622
1110000,2020-09-26,2,2,1,0.0642276422764227,-1,35412,-33.86794,151.20998,0.0001223990208078,1601078400.0,4,0.0642197813569935
460000,2018-11-23,1,1,1,0.0195121951219512,-1,38584,-33.8063,151.08417,0.1596083231334149,1542931200.0,2,0.0166337096458127
1120000,2021-09-28,2,2,2,0.08130081300813,-1,45552,-33.86665,151.12685,0.0904528763769889,1632787200.0,4,0.0742697057833622
3420000,2021-11-17,2,3,2,0.2024390243902439,-1,48932,-33.71505,151.29588,0.2221542227662178,1637107200.0,5,0.1621115217597606
670000,2017-07-26,1,2,1,0.0577235772357723,-1,38272,-34.03262,151.10521,0.2527539779681762,1501027200.0,3,0.0448315319354813
386000,2019-07-31,1,2,1,0.0447154471544715,-1,34996,-33.79196,150.9468,0.3105263157894737,1564531200.0,3,0.0327791518856068
860000,2021-03-16,1,1,1,0.0113821138211382,-1,66560,-33.80338,151.29117,0.1208078335373316,1615852800.0,2,0.0100868775508262
1600000,2021-09-22,2,3,2,0.1373983739837398,-1,56524,-33.82839,151.07771,0.1542227662178702,1632268800.0,5,0.117761545532457
750000,2021-11-02,2,2,1,0.0593495934959349,-1,42380,-34.03534,151.12423,0.2468788249694002,1635811200.0,4,0.0463660006853804
1328000,2021-10-05,2,2,2,0.073170731707317,-1,67184,-33.81731,151.20149,0.0619339045287637,1633392000.0,4,0.0687764642082756
1285000,2021-06-29,2,3,2,0.1609756097560975,-1,51896,-33.78256,151.18105,0.1130966952264381,1624924800.0,5,0.1437615703865303
1387500,2021-05-29,2,2,1,0.1341463414634146,-1,49140,-33.8162,151.08824,0.1493268053855569,1622246400.0,4,0.1155385798808888
740000,2020-01-25,2,2,1,0.0601626016260162,-1,42432,-33.93166,151.15389,0.1067319461444308,1579910400.0,4,0.0540721344165276
1050000,2021-11-17,1,2,1,0.0276422764227642,-1,49660,-33.73559,151.30351,0.2017135862913096,1637107200.0,3,0.0225928338325573
597000,2017-05-31,1,1,1,0.0284552845528455,-1,37232,-33.97235,151.14822,0.1577723378212974,1496188800.0,2,0.024302070543884
2400000,2021-03-18,2,3,2,0.0682926829268292,-1,76024,-33.84252,151.22795,0.0331701346389228,1616025600.0,5,0.066064563242682
1265000,2021-10-26,1,1,1,0.0178861788617886,-1,57044,-33.77603,151.28481,0.14406364749082,1635206400.0,2,0.0154864374317655
1401000,2021-11-23,1,3,2,0.0975609756097561,-1,44408,-34.0446,151.1403,0.2523867809057528,1637625600.0,4,0.0757994314902799
1735000,2020-08-24,1,3,0,0.0495934959349593,-1,73528,-33.89903,151.27112,0.0795593635250918,1598227200.0,4,0.0458007438046236
870000,2019-11-05,1,1,1,0.0300813008130081,-1,54964,-33.89296,151.2503,0.0556915544675642,1572912000.0,2,0.028451821661177
1550000,2021-06-30,1,3,0,0.7138211382113822,-1,76024,-33.84252,151.22795,0.0331701346389228,1625011200.0,4,0.6905319824651772
1330000,2018-09-13,2,2,1,0.0723577235772357,-1,57772,-33.86923,151.19249,0.0167686658506731,1536796800.0,4,0.0711544975308878
3450000,2019-07-26,4,4,2,0.1756097560975609,-1,28080,-33.88626,151.19999,0.027172582619339,1564099200.0,8,0.1709022329186124
760000,2019-02-26,1,2,1,0.0634146341463414,-1,69732,-33.9082,151.19191,0.0582619339045287,1551139200.0,3,0.0598255437881682
4150000,2016-11-24,2,3,2,0.1186991869918699,-1,35412,-33.86794,151.20998,0.0001223990208078,1479945600.0,5,0.1186846592167222
1350000,2020-10-03,2,2,1,0.0642276422764227,-1,57772,-33.86923,151.19249,0.0167686658506731,1601683200.0,4,0.0631596101678667
580000,2021-01-20,1,2,2,0.0471544715447154,-1,31616,-33.94767,151.01233,0.2465116279069767,1611100800.0,3,0.0368522698316425
525000,2017-09-16,2,2,1,0.048780487804878,-1,32240,-33.74515,150.68955,0.6082007343941249,1505520000.0,4,0.0265526527630814
853750,2020-05-27,1,1,1,0.0203252032520325,-1,66560,-33.80338,151.29117,0.1208078335373316,1590537600.0,2,0.0180122813407611
1800000,2021-04-30,2,3,1,0.1097560975609756,-1,60060,-33.8112,151.2183,0.0701346389228886,1619740800.0,5,0.1023221295940607
1530000,2020-09-26,1,3,1,0.0674796747967479,-1,66820,-33.91965,151.25639,0.0871481028151774,1601078400.0,4,0.0618479117787719
1450000,2021-11-29,2,2,1,0.1154471544715447,-1,45604,-33.90769,151.2083,0.0541003671970624,1638144000.0,4,0.1093673633040306
710000,2018-11-17,1,1,1,0.0691056910569105,-1,28080,-33.88626,151.19999,0.027172582619339,1542412800.0,2,0.0672531935096391
1150000,2019-03-25,2,3,2,0.1032520325203252,-1,40872,-33.90035,151.20733,0.0441860465116279,1553472000.0,5,0.0987890600676343
725501,2019-10-15,1,1,1,0.0357723577235772,-1,34216,-33.7788,151.12627,0.1471236230110159,1571097600.0,2,0.0308782434833516
662500,2021-12-04,2,2,1,0.0447154471544715,-1,38272,-34.03262,151.10521,0.2527539779681762,1638576000.0,4,0.0347286514993165
1050000,2021-10-11,2,2,1,0.0398373983739837,-1,25740,-33.93108,151.21145,0.0859241126070991,1633910400.0,4,0.0365573410708294
545000,2019-06-18,1,2,2,0.0853658536585365,-1,23556,-33.91991,151.03125,0.2118727050183598,1560816000.0,3,0.0690667532789191
1200000,2021-01-21,2,3,2,0.1983739837398374,-1,42432,-33.93166,151.15389,0.1067319461444308,1611187200.0,5,0.1782919026707128
400000,2018-03-29,1,2,1,0.0382113821138211,-1,22204,-33.91825,151.07547,0.1647490820073439,1522281600.0,3,0.0324073208786142
1500000,2021-02-26,1,2,1,0.0634146341463414,-1,65000,-33.79412,151.27428,0.1172582619339045,1614297600.0,3,0.0563981521895885
4187700,2021-11-05,3,3,2,0.1040650406504065,-1,68744,-33.83662,151.20958,0.0350061199510403,1636070400.0,6,0.1004851519290045
3030000,2017-02-16,8,16,8,0.5691056910569106,-1,22204,-33.91825,151.07547,0.1647490820073439,1487203200.0,24,0.4826622258517013
1335000,2021-11-10,2,3,1,0.1430894308943089,-1,47528,-33.9047,151.13884,0.0930232558139534,1636502400.0,5,0.1303791272839835
705000,2020-05-14,2,3,2,0.0699186991869918,-1,37908,-33.86058,151.07927,0.1444308445532435,1589414400.0,5,0.0605156665234673
945000,2018-03-29,2,2,1,0.0577235772357723,-1,45604,-33.90769,151.2083,0.0541003671970624,1522281600.0,4,0.0546836816520152
1650000,2016-12-09,2,3,0,0.1008130081300813,-1,71500,-33.88581,151.24417,0.0441860465116279,1481241600.0,5,0.096455460223517
1210000,2020-02-24,2,2,1,0.0479674796747967,-1,24076,-33.88148,151.20456,0.0193390452876376,1582502400.0,4,0.0470487467553626
1105000,2020-11-30,2,2,2,0.0617886178861788,-1,39312,-33.8078,151.11399,0.1299877600979192,1606694400.0,4,0.0542569671446508
805000,2018-02-13,1,3,2,0.0804878048780487,-1,39052,-33.85608,151.10677,0.1138310893512851,1518480000.0,4,0.0718280157460874
2151000,2021-02-26,2,3,2,0.1536585365853658,-1,49660,-33.73559,151.30351,0.2017135862913096,1614297600.0,5,0.1255895763045099
1270000,2021-11-11,2,2,1,0.0617886178861788,-1,35412,-33.86794,151.20998,0.0001223990208078,1636588800.0,4,0.0617810554826772
880000,2016-12-10,1,2,1,0.0666666666666666,-1,48932,-33.71505,151.29588,0.2221542227662178,1481328000.0,3,0.0533861236317283
1240000,2021-09-30,1,2,1,0.0520325203252032,-1,68952,-33.82708,151.22512,0.0507955936352509,1632960000.0,3,0.0494555022254087
295000,2019-08-13,1,2,1,0.0495934959349593,-1,25480,-33.27889,151.43056,0.8308445532435741,1565654400.0,3,0.0216069525787775
542000,2021-05-15,1,2,2,0.0707317073170731,-1,23556,-33.91991,151.03125,0.2118727050183598,1621036800.0,3,0.0572267384311044
1200000,2021-11-04,2,2,1,0.0837398373983739,-1,67184,-33.81731,151.20149,0.0619339045287637,1635984000.0,4,0.0787108423716932
470000,2017-12-13,2,2,1,0.1626016260162601,-1,30628,-34.06338,150.80766,0.524969400244798,1513123200.0,4,0.0961908074948139
1280000,2021-10-27,2,2,2,0.0772357723577235,-1,35412,-33.86794,151.20998,0.0001223990208078,1635292800.0,4,0.0772263193533466
500000,2021-05-25,2,2,1,0.0804878048780487,-1,32240,-33.74515,150.68955,0.6082007343941249,1621900800.0,4,0.0438118770590843
1230000,2021-11-20,2,2,1,0.0552845528455284,-1,48204,-33.8953,151.14668,0.0788249694002448,1637366400.0,4,0.0510940762785714
625000,2020-11-08,1,1,1,0.016260162601626,-1,57044,-33.77603,151.28481,0.14406364749082,1604793600.0,2,0.0140785794834232
1513000,2021-12-18,2,2,1,0.0796747967479674,-1,58084,-33.81806,151.16504,0.0779681762545899,1639785600.0,4,0.0736986980152406
1365000,2021-12-18,2,2,1,0.0577235772357723,-1,57772,-33.86923,151.19249,0.0167686658506731,1639785600.0,4,0.0567637002774498
865000,2021-04-15,2,2,1,0.0544715447154471,-1,38272,-33.83004,151.0887,0.1416156670746634,1618444800.0,4,0.0472788373912522
1425000,2021-10-26,2,2,2,0.1235772357723577,-1,48360,-33.98343,151.24666,0.1621787025703794,1635206400.0,4,0.1050763941443897
680000,2020-07-16,1,1,0,0.0170731707317073,-1,45604,-33.90769,151.2083,0.0541003671970624,1594857600.0,2,0.0161740466858073
1320000,2021-11-22,2,4,2,0.1463414634146341,-1,38272,-34.03262,151.10521,0.2527539779681762,1637539200.0,6,0.1136574049068542
600000,2018-07-13,2,2,1,0.0617886178861788,-1,34320,-33.80641,150.96973,0.2799265605875153,1531440000.0,4,0.0467022624661739
2416000,2021-03-27,1,3,0,0.0756097560975609,-1,76024,-33.84252,151.22795,0.0331701346389228,1616803200.0,4,0.0731429093043979
2190000,2021-10-11,1,2,2,0.0902439024390243,-1,66560,-33.80338,151.29117,0.1208078335373316,1633910400.0,3,0.0799745291529796
1280000,2021-12-10,2,3,1,0.089430894308943,-1,36712,-33.79673,151.1332,0.123500611995104,1639094400.0,5,0.0790409114133901
961000,2020-02-21,2,2,1,0.0642276422764227,-1,42432,-33.93166,151.15389,0.1067319461444308,1582243200.0,4,0.0577256570122389
1025000,2021-12-31,2,2,1,0.0723577235772357,-1,35412,-33.86794,151.20998,0.0001223990208078,1640908800.0,4,0.0723488676047142
680000,2020-11-09,2,3,2,0.0845528455284552,-1,34684,-33.96482,151.08475,0.1922888616891065,1604880000.0,5,0.0697618897170675
410000,2020-10-08,1,2,1,0.0422764227642276,-1,23556,-33.91991,151.03125,0.2118727050183598,1602115200.0,3,0.0342044873381313
480000,2020-08-27,1,2,2,0.0666666666666666,-1,23556,-33.91991,151.03125,0.2118727050183598,1598486400.0,3,0.0539378454178225
1121000,2021-12-16,1,2,1,0.073170731707317,-1,44980,-33.75117,151.29037,0.1758873929008567,1639612800.0,3,0.0613692016823893
1650000,2021-12-04,2,3,2,0.1032520325203252,-1,70304,-33.82557,151.20362,0.0505507955936352,1638576000.0,5,0.0981622892237073
450000,2021-05-24,1,1,1,0.0260162601626016,-1,32240,-33.74515,150.68955,0.6082007343941249,1621814400.0,2,0.0141614148069767
1750000,2021-10-12,2,2,2,0.1317073170731707,-1,57772,-33.86923,151.19249,0.0167686658506731,1633996800.0,4,0.129517175280942
688000,2016-11-28,1,1,1,0.0512195121951219,-1,38324,-33.7958,151.18087,0.0960832313341493,1480291200.0,2,0.0465272110668471
1798888,2018-07-28,2,3,2,0.1024390243902439,-1,57772,-33.86923,151.19249,0.0167686658506731,1532736000.0,5,0.100735580774066
430000,2020-12-01,2,3,2,0.0821138211382113,-1,44304,-33.72757,150.77848,0.519828641370869,1606780800.0,5,0.0488267201020099
1350000,2021-11-03,2,2,1,0.0552845528455284,-1,70304,-33.82557,151.20362,0.0505507955936352,1635897600.0,4,0.0525593359622999
1025000,2020-08-13,2,2,0,0.1260162601626016,-1,46228,-33.88889,151.18298,0.0407588739290085,1597276800.0,4,0.1209832460491128
510000,2020-09-28,1,1,0,0.0040650406504065,-1,57772,-33.86923,151.19249,0.0167686658506731,1601251200.0,2,0.0039974436815105
640000,2018-11-15,1,2,1,0.0357723577235772,-1,67028,-33.78265,151.28518,0.1370869033047735,1542240000.0,3,0.0311897202459633
1400000,2021-03-30,1,2,2,0.0837398373983739,-1,70304,-33.82557,151.20362,0.0505507955936352,1617062400.0,3,0.0796119353546602
800000,2016-10-10,1,2,1,0.0373983739837398,-1,68744,-33.83662,151.20958,0.0350061199510403,1476057600.0,3,0.0361118514744859
600000,2019-02-13,1,1,1,0.0024390243902439,-1,51532,-33.89313,151.20653,0.034516523867809,1550016000.0,2,0.0023562740885423
330000,2020-06-27,1,1,1,0.0170731707317073,-1,39260,-33.81479,151.00875,0.2342717258261933,1593216000.0,2,0.0135073845893984
1450000,2017-09-15,2,2,1,0.0479674796747967,-1,60320,-33.88447,151.21001,0.0225214198286413,1505433600.0,4,0.0468992580122496
660000,2018-03-24,1,1,1,0.0154471544715447,-1,70304,-33.82557,151.20362,0.0505507955936352,1521849600.0,2,0.0146856968129955
1205000,2021-12-10,2,2,1,0.0528455284552845,-1,57772,-33.86923,151.19249,0.0167686658506731,1639094400.0,4,0.0519667678596371
4350000,2020-08-29,2,3,2,0.124390243902439,-1,57772,-33.86923,151.19249,0.0167686658506731,1598659200.0,5,0.1223217766542229
535000,2019-03-15,1,1,0,0.0113821138211382,-1,24908,-33.9259,151.22847,0.0813953488372093,1552608000.0,2,0.0104923645969251
550000,2018-05-29,1,2,0,0.0178861788617886,-1,41236,-33.91228,151.15592,0.0848225214198286,1527552000.0,3,0.0164315910022244
1510000,2021-12-28,2,2,1,0.0804878048780487,-1,43368,-33.87781,151.18626,0.0281517747858017,1640649600.0,4,0.0782535273190826
555000,2017-03-16,1,0,1,0.0333333333333333,-1,55484,-33.89994,151.18038,0.0542227662178702,1489622400.0,1,0.0315740358047018
800000,2019-06-27,2,2,1,0.0560975609756097,-1,56524,-33.82839,151.07771,0.1542227662178702,1561593600.0,4,0.0480801576434291
1570000,2020-11-14,2,3,2,0.2333333333333333,-1,45136,-33.99339,151.14479,0.1854345165238677,1605312000.0,5,0.1938400878760574
1330000,2021-04-27,1,2,1,0.0382113821138211,-1,57460,-33.91839,151.24013,0.0762545899632803,1619481600.0,3,0.0354059130804785
2300000,2017-10-21,6,10,6,0.5528455284552846,-1,25272,-33.83511,150.98511,0.2542227662178702,1508544000.0,16,0.4287422242981569
